,year,Jan,Feb,Mar,Apr,May,Jun,Jul,Aug,Sep,Oct,Nov,Dec,NOMBRE_DPT
0,1901,232.02,215.38,286.78,323.91,311.61,273.5,246.93,218.34,204.54,243.73,218.11,224.09,AMAZONAS
1,1902,232.02,215.38,286.78,323.91,311.61,273.5,246.93,218.34,204.54,243.73,218.11,224.09,AMAZONAS
2,1903,232.02,215.38,286.78,323.91,311.61,273.5,246.93,218.34,204.54,243.73,218.11,224.09,AMAZONAS
3,1904,232.02,215.38,286.78,323.91,311.61,273.5,246.93,218.34,204.54,243.73,218.11,224.09,AMAZONAS
4,1905,232.02,215.38,286.78,323.91,311.61,273.5,246.93,218.34,204.54,243.73,218.11,224.09,AMAZONAS
5,1906,232.02,215.38,286.78,323.91,311.61,273.5,246.93,218.34,204.54,243.73,218.11,224.09,AMAZONAS
6,1907,232.02,215.38,286.78,323.91,311.61,273.5,246.93,218.34,204.54,243.73,218.11,224.09,AMAZONAS
7,1908,232.02,215.38,286.78,323.91,311.61,273.5,246.93,218.34,204.54,243.73,218.11,224.09,AMAZONAS
8,1909,232.02,215.38,286.78,323.91,311.61,273.5,246.93,218.34,204.54,243.73,218.11,224.09,AMAZONAS
9,1910,232.02,215.38,286.78,323.91,311.61,273.5,246.93,218.34,204.54,243.73,218.11,224.09,AMAZONAS
10,1911,232.02,215.38,286.78,323.91,311.61,273.5,246.93,218.34,204.54,243.73,218.11,224.09,AMAZONAS
11,1912,232.02,215.38,286.78,323.91,311.61,273.5,246.93,218.34,204.54,243.73,218.11,224.09,AMAZONAS
12,1913,232.02,215.38,286.78,323.91,311.61,273.5,246.93,218.34,204.54,243.73,218.11,224.09,AMAZONAS
13,1914,232.02,215.38,286.78,323.91,311.61,273.5,246.93,218.34,204.54,243.73,218.11,224.09,AMAZONAS
14,1915,232.02,215.38,286.78,323.91,311.61,273.5,246.93,218.34,204.54,243.73,218.11,224.09,AMAZONAS
15,1916,232.02,215.38,286.78,323.91,311.61,273.5,246.93,218.34,204.54,243.73,218.11,224.09,AMAZONAS
16,1917,232.02,215.38,286.78,323.91,311.61,273.5,246.93,218.34,204.54,243.73,218.11,224.09,AMAZONAS
17,1918,232.02,215.38,286.78,323.91,311.61,273.5,246.93,218.34,204.54,243.73,218.11,224.09,AMAZONAS
18,1919,232.02,215.38,286.78,323.91,311.61,273.5,246.93,218.34,204.54,243.73,218.11,224.09,AMAZONAS
19,1920,232.02,215.38,286.78,323.91,311.61,273.5,246.93,218.34,204.54,243.73,218.11,224.09,AMAZONAS
20,1921,231.67,213.52,290.68,319.64,311.83,271.65,242.38,223.65,204.9,243.33,220.21,225.12,AMAZONAS
21,1922,229.59,216.77,292.47,324.36,313.16,275.39,235.97,219.25,196.15,232.19,208.1,215.38,AMAZONAS
22,1923,225.93,206.24,275.37,310.05,300.33,267.01,258.95,211.77,204.88,249.51,214.45,229.25,AMAZONAS
23,1924,241.67,230.03,301.6,316.97,299.93,266.94,264.83,225.26,200.88,226.23,225.24,223.02,AMAZONAS
24,1925,221.85,202.89,286.14,294.08,323.53,276.17,239.27,229.15,192.71,248.85,219.65,228.01,AMAZONAS
25,1926,235.32,225.53,282.56,330.86,313.51,271.13,282.56,211.82,205.63,233.46,215.19,207.77,AMAZONAS
26,1927,243.15,249.16,304.39,368.17,344.39,288.37,282.66,224.31,215.87,248.7,230.29,226.69,AMAZONAS
27,1928,230.22,197.13,281.24,321.88,343.96,259.39,265.48,215.32,198.93,239.87,216.54,227.66,AMAZONAS
28,1929,250.38,206.96,285.34,325.81,299.43,277.82,218.24,197.15,186.26,233.66,209.94,215.06,AMAZONAS
29,1930,232.64,207.93,264.62,317.72,284.89,259.79,243.94,210.2,186.64,233.2,209.23,228.58,AMAZONAS
30,1931,264.4,245.65,285.6,331.28,296.19,282.14,232.29,237.11,212.76,243.84,205.67,214.65,AMAZONAS
31,1932,205.02,198.38,352.74,318.72,292.57,245.9,218.81,201.11,191.09,218.32,214.12,219.05,AMAZONAS
32,1933,219.29,186.79,258.84,307.95,334.55,308.93,247.03,226.2,203.6,242.26,235.09,211.9,AMAZONAS
33,1934,216.72,174.86,288.5,298.98,327.87,266.4,247.78,207.92,203.28,223.07,213.18,199.86,AMAZONAS
34,1935,238.71,197.01,299.87,312.35,297.65,238.42,208.73,172.36,206.94,251.91,217.82,209.03,AMAZONAS
35,1936,268.73,187.29,295.9,340.2,310.09,263.98,223.79,228.85,211.29,193.22,186.24,221.41,AMAZONAS
36,1937,224.06,234.46,259.17,354.71,308.35,293.23,246.44,220.66,202.82,233.23,215.41,218.48,AMAZONAS
37,1938,245.29,187.79,311.32,373.91,322.92,252.49,240.32,238.51,229.28,222.68,231.34,234.3,AMAZONAS
38,1939,247.45,219.84,233.5,334.88,297.1,324.74,238.91,227.11,272.93,244.18,263.43,261.58,AMAZONAS
39,1940,276.39,227.82,279.47,327.2,276.48,275.33,251.22,207.5,176.55,247.82,201.1,235.86,AMAZONAS
40,1941,200.59,201.82,297.7,313.31,283.16,247.08,214.92,240.81,198.92,220.16,199.27,177.72,AMAZONAS
41,1942,238.42,225.1,267.26,344.41,310.48,273.88,245.65,213.94,176.42,229.48,210.41,230.82,AMAZONAS
42,1943,258.39,228.29,282.1,329.83,336.4,281.64,221.07,239.45,274.91,241.79,222.69,228.38,AMAZONAS
43,1944,227.19,173.61,315.34,320.0,305.25,253.85,252.42,199.58,213.93,234.22,253.18,239.56,AMAZONAS
44,1945,246.25,212.78,271.77,322.7,326.75,273.36,248.69,222.52,201.07,202.56,225.03,234.51,AMAZONAS
45,1946,222.08,207.31,249.54,329.04,305.56,297.54,240.16,184.25,202.56,253.54,222.35,237.16,AMAZONAS
46,1947,266.96,207.17,327.57,365.63,274.05,247.66,195.49,144.03,200.67,270.69,216.74,225.42,AMAZONAS
47,1948,197.14,216.74,270.63,452.71,386.0,301.92,274.7,207.49,217.84,253.09,187.73,152.18,AMAZONAS
48,1949,165.74,256.81,303.77,294.2,335.98,252.88,321.13,171.29,166.42,222.43,199.06,214.52,AMAZONAS
49,1950,245.11,313.77,329.54,356.51,356.44,248.42,209.95,229.06,196.7,224.0,206.99,210.1,AMAZONAS
50,1951,245.5,228.82,275.0,315.5,302.14,255.74,201.07,251.61,169.46,243.67,212.77,200.34,AMAZONAS
51,1952,295.08,270.68,333.34,354.99,269.88,242.7,204.25,235.06,216.42,229.65,222.91,231.69,AMAZONAS
52,1953,242.97,184.63,363.09,303.54,284.46,235.57,213.03,213.15,219.27,266.3,210.55,204.47,AMAZONAS
53,1954,210.88,331.87,351.78,304.29,289.6,264.96,268.81,181.53,225.58,188.56,236.35,193.28,AMAZONAS
54,1955,284.24,250.02,353.08,311.31,338.09,286.42,265.11,224.05,192.5,288.66,207.35,214.46,AMAZONAS
55,1956,257.82,245.35,271.61,316.65,295.29,269.37,195.85,216.57,173.18,212.26,237.02,215.71,AMAZONAS
56,1957,234.86,208.34,322.47,362.12,349.22,250.94,268.92,189.41,170.57,245.6,200.43,196.77,AMAZONAS
57,1958,208.49,206.69,286.91,371.18,295.21,248.9,261.92,211.64,208.12,243.36,204.35,260.76,AMAZONAS
58,1959,244.89,256.91,239.63,382.46,263.96,225.63,262.83,220.42,251.85,203.94,217.91,174.02,AMAZONAS
59,1960,268.73,193.06,327.9,318.24,335.76,245.88,196.32,231.64,259.73,282.27,209.05,301.27,AMAZONAS
60,1961,239.03,251.1,267.95,366.64,395.58,283.84,235.48,197.7,218.61,266.21,291.12,215.08,AMAZONAS
61,1962,213.16,210.1,334.75,339.88,315.2,222.19,250.92,192.53,198.47,181.69,232.79,262.72,AMAZONAS
62,1963,205.57,188.71,310.96,365.77,329.52,291.9,249.28,198.36,227.83,310.45,231.34,194.24,AMAZONAS
63,1964,219.26,181.19,324.36,297.05,364.25,314.34,278.1,201.87,225.4,236.19,237.62,264.02,AMAZONAS
64,1965,255.25,208.66,280.88,330.25,301.85,247.74,310.07,234.93,192.54,230.99,176.16,244.43,AMAZONAS
65,1966,296.21,216.4,274.78,304.88,316.68,262.39,276.54,183.07,191.24,227.36,191.71,173.83,AMAZONAS
66,1967,238.37,184.99,278.78,341.64,254.69,261.11,271.42,254.21,216.88,222.13,225.85,196.87,AMAZONAS
67,1968,227.48,248.59,270.13,350.42,292.56,227.25,242.14,244.15,232.3,253.11,225.17,195.69,AMAZONAS
68,1969,209.86,242.7,313.1,367.7,339.76,285.74,260.86,215.19,227.44,209.42,227.58,229.22,AMAZONAS
69,1970,267.76,278.57,413.7,269.32,316.83,315.3,262.59,184.77,235.93,236.39,220.75,206.14,AMAZONAS
70,1971,252.89,187.92,290.01,287.09,345.61,318.84,271.61,224.93,182.46,307.83,249.59,240.4,AMAZONAS
71,1972,239.48,223.05,323.35,316.39,319.94,319.14,277.43,247.62,209.0,278.27,236.1,201.41,AMAZONAS
72,1973,208.72,215.76,253.19,266.7,249.23,304.94,259.67,258.9,233.98,252.63,172.53,253.51,AMAZONAS
73,1974,264.82,209.58,330.45,308.07,385.44,364.39,250.94,306.86,215.93,269.28,232.63,209.78,AMAZONAS
74,1975,342.33,192.64,363.7,336.88,497.88,282.9,214.73,288.0,164.97,247.47,217.97,261.73,AMAZONAS
75,1976,168.63,276.7,347.84,342.68,294.21,283.53,261.75,228.39,231.17,287.67,234.59,241.27,AMAZONAS
76,1977,185.44,175.24,261.26,331.31,321.96,214.22,292.23,216.69,268.86,233.86,253.77,265.27,AMAZONAS
77,1978,170.8,193.7,257.78,342.68,293.2,228.82,225.65,198.5,175.93,267.46,185.56,242.08,AMAZONAS
78,1979,255.36,173.81,337.68,354.28,282.87,244.05,231.04,190.88,178.73,269.43,232.07,194.93,AMAZONAS
79,1980,188.27,305.57,247.36,428.27,341.79,366.82,174.55,292.69,236.26,222.02,217.11,282.3,AMAZONAS
80,1981,243.85,232.82,292.68,395.77,262.35,227.93,347.69,198.36,191.97,242.59,246.95,225.26,AMAZONAS
81,1982,232.76,261.87,277.48,351.67,254.34,239.57,180.67,199.48,199.87,307.11,177.75,237.41,AMAZONAS
82,1983,200.15,239.21,233.49,311.02,264.12,301.43,251.05,177.99,167.97,191.64,181.35,230.02,AMAZONAS
83,1984,150.06,159.56,197.37,276.47,232.88,226.26,220.35,195.5,159.42,224.17,177.48,164.34,AMAZONAS
84,1985,196.14,192.25,254.24,258.04,308.0,272.04,255.32,211.85,215.47,246.61,219.52,212.83,AMAZONAS
85,1986,272.78,205.84,213.2,373.55,231.62,217.84,235.37,184.15,179.69,230.43,187.71,223.52,AMAZONAS
86,1987,203.86,227.49,212.05,231.16,312.3,243.15,204.42,167.57,173.05,204.78,241.98,176.11,AMAZONAS
87,1988,271.58,203.16,263.97,269.85,317.04,293.81,186.93,214.76,163.51,207.88,227.55,167.45,AMAZONAS
88,1989,268.51,187.49,248.95,282.76,268.37,294.83,238.17,207.31,157.88,173.93,182.68,205.34,AMAZONAS
89,1990,198.95,203.77,247.36,324.43,266.13,253.96,196.72,215.27,168.68,201.91,202.11,167.07,AMAZONAS
90,1991,157.49,200.6,279.88,318.35,233.69,244.76,225.46,270.05,211.8,171.71,170.1,215.31,AMAZONAS
91,1992,248.07,185.03,309.38,320.84,265.15,236.34,256.0,233.57,202.0,265.58,246.03,182.87,AMAZONAS
92,1993,218.89,201.13,281.63,314.09,277.2,319.87,216.72,232.34,218.1,215.22,214.68,217.98,AMAZONAS
93,1994,280.89,187.87,281.03,327.88,334.95,335.78,253.71,196.28,214.03,252.28,257.04,241.66,AMAZONAS
94,1995,225.7,241.56,277.98,367.45,356.29,265.36,237.77,240.32,210.43,222.59,206.63,201.69,AMAZONAS
95,1996,188.75,267.19,265.27,300.47,349.97,264.78,225.0,220.38,220.84,212.72,216.38,267.17,AMAZONAS
96,1997,225.45,207.75,272.72,363.62,319.52,248.67,220.14,205.36,188.21,226.67,188.19,214.1,AMAZONAS
97,1998,277.2,252.22,276.14,349.68,328.47,254.85,265.64,222.95,230.7,212.8,207.69,205.84,AMAZONAS
98,1999,227.46,232.24,317.55,344.39,352.07,254.41,219.41,268.19,236.24,174.76,178.34,194.76,AMAZONAS
99,2000,264.08,225.05,323.23,318.48,319.69,255.91,233.72,189.5,185.6,265.79,187.76,242.31,AMAZONAS
100,2001,219.07,200.6,287.94,338.29,348.4,219.29,311.4,228.76,215.47,317.91,255.79,258.87,AMAZONAS
101,2002,222.38,288.34,289.69,335.27,412.37,346.42,249.23,242.83,201.0,244.56,306.88,243.56,AMAZONAS
102,2003,220.11,218.89,388.28,287.96,396.54,284.85,355.59,267.69,217.0,269.06,214.13,263.74,AMAZONAS
103,2004,235.94,277.64,395.1,297.22,306.45,278.69,246.46,234.65,186.95,368.76,298.34,280.06,AMAZONAS
104,2005,318.11,206.11,388.04,362.6,435.54,302.97,222.28,277.94,175.93,248.95,244.09,269.15,AMAZONAS
105,2006,314.57,184.47,381.12,333.78,350.89,278.75,222.44,187.87,235.4,326.3,305.21,290.83,AMAZONAS
106,2007,304.02,249.76,354.8,288.81,308.09,262.48,232.33,201.67,226.22,276.09,239.48,192.0,AMAZONAS
107,2008,288.1,256.92,353.13,303.55,280.91,288.66,227.14,209.02,169.11,226.06,219.85,248.75,AMAZONAS
108,2009,237.37,213.82,279.02,264.23,259.02,290.21,222.16,174.07,149.69,196.0,239.26,176.74,AMAZONAS
109,2010,216.86,186.31,256.64,293.62,294.35,268.87,234.93,171.39,190.33,196.8,211.58,202.11,AMAZONAS
110,2011,209.33,227.04,331.49,274.96,270.86,241.05,218.2,175.42,198.79,219.33,167.16,200.74,AMAZONAS
111,2012,220.82,243.01,298.66,283.32,291.6,295.78,237.65,238.49,168.38,239.95,190.98,187.29,AMAZONAS
112,2013,221.3,260.64,278.88,342.2,287.98,254.5,269.07,229.58,210.81,200.81,213.67,239.98,AMAZONAS
113,2014,256.77,189.24,288.57,384.99,286.29,239.18,276.2,240.66,185.85,218.12,158.2,182.52,AMAZONAS
114,2015,150.98,236.86,274.34,332.54,279.12,256.74,300.54,197.45,169.49,231.75,188.42,212.3,AMAZONAS
115,2016,250.07,229.56,283.08,314.99,274.06,275.78,239.28,235.44,213.49,234.48,245.15,165.25,AMAZONAS
116,2017,230.57,216.11,267.75,314.63,314.45,254.43,235.98,238.42,199.69,255.35,220.05,287.47,AMAZONAS
117,2018,243.86,200.45,309.35,321.79,302.96,369.9,268.48,191.62,186.17,220.54,233.95,255.45,AMAZONAS
118,2019,218.62,241.15,252.82,349.9,324.53,321.24,282.18,199.1,202.21,231.73,195.72,222.0,AMAZONAS
119,2020,,,,,,,,,,,,,AMAZONAS
0,1901,182.03,82.07,198.97,207.34,240.36,193.79,164.52,225.98,256.31,291.51,268.39,125.66,ANTIOQUIA
1,1902,93.72,83.99,93.28,219.62,271.64,331.67,165.51,419.73,237.94,271.11,307.96,200.96,ANTIOQUIA
2,1903,111.7,105.15,200.89,282.9,320.6,191.5,225.67,239.49,227.52,365.65,199.18,125.18,ANTIOQUIA
3,1904,129.69,65.6,107.14,228.61,295.33,234.97,198.06,201.69,343.03,336.91,354.42,239.22,ANTIOQUIA
4,1905,82.09,106.64,115.48,286.11,309.55,289.49,255.98,248.58,182.45,346.07,260.56,147.39,ANTIOQUIA
5,1906,92.64,138.18,239.5,298.73,287.09,255.89,309.97,257.92,300.99,314.11,252.64,164.99,ANTIOQUIA
6,1907,142.93,94.21,167.19,208.98,219.25,209.1,235.76,300.88,311.23,483.29,267.73,214.81,ANTIOQUIA
7,1908,103.94,140.0,74.44,229.99,346.36,271.7,356.31,308.49,250.61,319.93,250.36,151.34,ANTIOQUIA
8,1909,203.47,92.81,249.18,200.43,472.61,295.1,222.36,241.45,311.23,422.47,241.67,217.51,ANTIOQUIA
9,1910,112.02,150.21,143.33,286.62,306.73,238.17,226.96,210.26,172.64,252.68,249.85,134.42,ANTIOQUIA
10,1911,117.18,97.59,111.71,221.85,241.39,198.93,254.02,444.25,271.99,308.38,348.36,185.2,ANTIOQUIA
11,1912,82.52,79.58,132.98,342.86,299.28,232.03,182.82,210.08,502.8,336.75,296.63,180.18,ANTIOQUIA
12,1913,92.74,76.86,86.45,280.31,203.24,191.35,172.5,263.05,187.59,346.23,369.69,198.15,ANTIOQUIA
13,1914,105.89,118.17,91.11,248.32,343.63,264.89,262.4,445.24,250.22,358.89,266.21,157.49,ANTIOQUIA
14,1915,110.3,78.5,171.57,262.73,218.68,336.49,248.29,285.59,254.66,351.76,243.71,164.7,ANTIOQUIA
15,1916,170.32,99.45,166.53,303.59,412.53,267.11,237.82,399.94,246.91,282.36,313.16,180.29,ANTIOQUIA
16,1917,126.37,98.64,142.77,336.74,300.46,195.27,193.11,210.45,226.62,377.62,340.9,116.46,ANTIOQUIA
17,1918,121.83,76.78,104.04,235.35,268.69,242.85,288.02,304.54,352.29,272.36,280.74,207.0,ANTIOQUIA
18,1919,91.67,104.43,115.31,181.05,422.05,221.99,360.47,268.94,297.39,445.26,203.23,178.44,ANTIOQUIA
19,1920,160.04,130.8,265.26,250.61,421.89,298.03,310.05,235.64,362.95,401.59,224.0,219.84,ANTIOQUIA
20,1921,64.36,130.49,206.48,205.02,311.58,403.14,221.83,186.44,225.47,303.93,277.17,188.97,ANTIOQUIA
21,1922,68.79,62.99,109.14,193.89,290.46,203.62,270.58,299.08,196.4,296.42,222.12,208.42,ANTIOQUIA
22,1923,61.69,57.09,111.9,170.34,275.84,274.86,258.2,217.43,276.55,359.67,397.57,206.67,ANTIOQUIA
23,1924,102.4,116.02,195.69,342.3,262.03,224.04,241.37,301.1,314.56,265.68,254.8,128.28,ANTIOQUIA
24,1925,66.57,79.19,106.68,171.99,264.9,309.45,220.31,295.05,241.34,393.29,286.75,235.47,ANTIOQUIA
25,1926,113.4,106.58,138.81,224.79,340.29,248.97,279.39,292.4,325.87,343.63,273.13,144.6,ANTIOQUIA
26,1927,104.06,97.39,145.19,204.2,306.78,243.97,275.68,260.76,245.59,264.16,366.37,223.35,ANTIOQUIA
27,1928,64.64,56.73,140.43,255.86,338.28,269.83,233.77,220.93,260.9,301.29,211.42,111.84,ANTIOQUIA
28,1929,134.56,114.27,142.64,226.28,235.87,284.21,284.99,267.21,230.8,353.06,234.19,144.91,ANTIOQUIA
29,1930,92.97,103.74,105.97,205.65,302.49,275.95,326.64,229.96,295.11,307.88,326.07,190.04,ANTIOQUIA
30,1931,166.76,91.37,96.3,193.82,312.65,235.62,252.69,227.47,317.53,384.54,342.58,183.03,ANTIOQUIA
31,1932,106.55,66.0,146.14,283.18,322.54,282.01,210.74,284.18,266.05,338.03,372.12,238.15,ANTIOQUIA
32,1933,113.82,113.95,147.92,164.82,335.97,244.92,266.09,236.78,245.1,361.99,317.66,154.89,ANTIOQUIA
33,1934,156.41,131.36,175.47,239.29,282.59,283.45,295.99,337.16,281.36,329.32,447.01,117.94,ANTIOQUIA
34,1935,110.18,79.55,140.93,180.56,323.88,276.89,244.51,299.93,233.19,354.14,241.19,230.68,ANTIOQUIA
35,1936,164.63,103.53,154.48,174.6,300.68,219.59,269.99,241.62,330.57,331.24,305.5,183.32,ANTIOQUIA
36,1937,164.49,84.57,195.65,314.03,355.57,218.61,280.05,293.32,219.85,426.8,325.54,212.17,ANTIOQUIA
37,1938,85.52,61.8,136.31,178.86,273.37,243.53,252.3,253.08,220.32,370.73,247.99,167.27,ANTIOQUIA
38,1939,118.65,87.74,88.19,185.06,276.92,217.26,205.61,235.75,225.87,357.93,369.98,180.11,ANTIOQUIA
39,1940,125.02,79.27,29.77,69.36,69.9,152.55,152.7,206.19,220.91,156.85,232.74,110.8,ANTIOQUIA
40,1941,59.95,57.85,107.14,190.73,324.96,180.57,154.41,113.2,212.74,278.85,203.38,150.74,ANTIOQUIA
41,1942,223.07,110.84,90.99,200.02,184.32,287.3,167.71,372.5,128.7,309.4,402.34,120.31,ANTIOQUIA
42,1943,49.78,67.86,103.27,101.63,262.28,221.03,81.01,171.87,100.08,303.34,117.95,114.17,ANTIOQUIA
43,1944,28.62,39.32,41.24,171.94,402.11,74.88,189.31,269.9,171.44,255.77,425.82,314.28,ANTIOQUIA
44,1945,209.71,84.71,116.7,200.43,237.97,80.22,138.86,138.88,156.2,377.79,250.11,131.23,ANTIOQUIA
45,1946,130.28,64.47,76.38,116.67,306.97,253.96,377.66,240.09,369.99,411.83,165.34,119.23,ANTIOQUIA
46,1947,29.48,61.46,76.5,333.94,329.69,176.4,174.95,217.44,270.37,271.17,195.11,136.97,ANTIOQUIA
47,1948,80.28,68.5,102.75,127.96,245.58,306.72,263.24,336.84,233.4,382.72,183.2,101.96,ANTIOQUIA
48,1949,195.45,164.59,185.48,202.72,351.46,458.6,198.18,406.47,245.76,360.01,237.28,228.38,ANTIOQUIA
49,1950,134.96,168.24,121.14,234.74,257.09,209.54,216.7,246.26,178.66,291.47,229.67,172.5,ANTIOQUIA
50,1951,125.99,53.34,110.99,270.83,336.5,289.56,304.7,207.35,248.47,184.49,378.5,229.76,ANTIOQUIA
51,1952,113.83,79.51,126.98,154.32,299.14,225.55,123.41,105.48,335.08,310.36,302.79,174.68,ANTIOQUIA
52,1953,79.95,88.51,87.7,189.54,263.38,292.65,283.42,217.57,194.97,398.92,305.23,217.82,ANTIOQUIA
53,1954,82.24,108.65,176.23,303.08,246.7,331.12,340.07,245.03,361.16,421.76,286.97,275.44,ANTIOQUIA
54,1955,203.92,180.65,150.39,169.11,319.5,290.36,203.25,269.76,254.17,418.91,221.38,256.94,ANTIOQUIA
55,1956,46.6,80.52,121.17,217.12,429.98,137.83,150.63,177.47,204.97,409.28,200.31,90.82,ANTIOQUIA
56,1957,78.45,57.46,87.28,174.58,329.08,163.21,127.19,229.13,119.4,222.08,227.31,147.72,ANTIOQUIA
57,1958,64.3,23.43,76.7,137.16,709.09,278.85,215.68,285.82,222.09,254.73,217.21,143.11,ANTIOQUIA
58,1959,154.1,111.67,107.92,184.47,289.53,186.94,222.19,357.25,240.26,309.16,235.88,265.42,ANTIOQUIA
59,1960,86.61,46.46,135.71,197.97,132.77,240.73,334.52,146.39,203.39,290.37,371.65,169.93,ANTIOQUIA
60,1961,77.65,63.56,182.13,158.83,387.87,333.67,160.93,301.55,255.8,343.67,254.42,178.13,ANTIOQUIA
61,1962,98.34,168.62,184.97,307.75,277.11,208.34,236.61,255.93,213.16,304.42,287.15,112.79,ANTIOQUIA
62,1963,52.83,67.28,48.13,304.39,255.76,346.67,417.84,259.38,230.82,302.37,278.09,130.96,ANTIOQUIA
63,1964,92.21,71.57,67.95,220.33,269.57,130.02,110.78,261.39,235.92,279.25,319.38,125.76,ANTIOQUIA
64,1965,77.07,78.34,105.38,191.57,245.62,305.39,166.94,311.24,242.0,328.5,384.07,257.54,ANTIOQUIA
65,1966,96.81,92.52,125.31,218.09,558.6,325.69,175.3,144.52,265.56,232.53,232.78,130.01,ANTIOQUIA
66,1967,91.42,113.6,156.36,239.63,302.4,334.53,182.34,229.18,272.97,301.97,342.73,114.22,ANTIOQUIA
67,1968,134.42,64.82,51.04,277.35,232.25,230.95,126.4,287.44,311.9,393.74,247.0,162.01,ANTIOQUIA
68,1969,150.07,103.16,94.02,314.42,333.92,276.5,235.63,263.4,320.97,398.52,370.76,203.01,ANTIOQUIA
69,1970,276.71,200.3,257.06,210.95,401.46,239.06,226.93,341.05,290.52,285.19,243.67,120.37,ANTIOQUIA
70,1971,184.4,76.46,138.39,310.64,294.6,261.33,133.89,224.43,214.77,234.65,249.3,136.91,ANTIOQUIA
71,1972,45.91,70.56,68.46,128.31,232.42,264.2,261.93,329.08,385.24,536.4,379.89,290.42,ANTIOQUIA
72,1973,164.03,184.11,214.69,347.1,297.07,210.37,220.37,310.29,337.32,331.45,347.12,79.94,ANTIOQUIA
73,1974,51.34,132.63,140.87,261.64,363.71,221.87,415.68,303.4,223.7,633.79,292.97,288.17,ANTIOQUIA
74,1975,82.16,129.99,149.06,235.45,249.05,252.6,201.48,153.49,192.59,333.09,211.41,116.91,ANTIOQUIA
75,1976,51.96,44.7,110.17,256.99,215.78,271.47,209.28,252.41,298.84,266.73,244.67,139.63,ANTIOQUIA
76,1977,67.9,63.09,175.4,283.27,317.52,296.68,222.82,222.13,265.48,269.55,240.01,164.94,ANTIOQUIA
77,1978,77.61,72.74,116.91,260.44,306.65,299.62,206.21,306.8,250.91,360.93,354.33,163.49,ANTIOQUIA
78,1979,144.68,88.8,75.07,245.77,198.02,242.44,210.02,210.81,247.84,272.28,254.06,217.76,ANTIOQUIA
79,1980,80.78,143.07,159.42,315.28,503.05,284.46,228.31,358.2,277.02,570.65,243.89,216.55,ANTIOQUIA
80,1981,195.63,132.44,153.01,294.0,330.03,161.56,163.8,155.72,250.68,362.09,184.9,144.58,ANTIOQUIA
81,1982,54.61,98.66,145.02,303.91,326.88,177.27,207.56,183.61,204.02,295.9,214.21,224.44,ANTIOQUIA
82,1983,225.39,148.53,117.63,232.64,302.23,342.9,241.64,375.25,379.45,362.38,307.94,114.0,ANTIOQUIA
83,1984,128.62,39.73,131.27,154.83,282.37,230.82,232.12,353.73,388.53,332.88,284.41,202.23,ANTIOQUIA
84,1985,109.3,173.77,115.04,276.43,508.83,255.84,114.05,215.19,244.77,458.37,264.23,87.08,ANTIOQUIA
85,1986,65.38,45.68,108.8,243.49,356.82,152.32,317.92,223.87,335.09,414.06,297.51,134.3,ANTIOQUIA
86,1987,82.87,126.54,85.09,218.15,221.0,274.9,268.43,500.95,402.24,369.36,450.63,248.31,ANTIOQUIA
87,1988,119.76,123.9,241.61,167.2,272.25,266.55,168.58,287.54,351.85,307.7,216.74,215.8,ANTIOQUIA
88,1989,96.28,113.18,162.65,223.19,270.69,172.46,272.95,224.37,248.61,406.53,294.18,225.08,ANTIOQUIA
89,1990,89.28,54.14,235.7,153.27,263.83,201.01,197.8,208.06,253.38,206.8,275.94,163.5,ANTIOQUIA
90,1991,80.37,60.11,67.53,141.4,214.59,178.0,163.6,240.16,317.23,160.12,259.99,174.38,ANTIOQUIA
91,1992,138.21,96.21,135.1,199.21,203.14,93.09,170.38,221.9,357.63,224.86,382.52,183.05,ANTIOQUIA
92,1993,141.83,115.42,165.43,203.15,235.74,205.25,190.91,186.55,207.55,326.12,349.05,131.6,ANTIOQUIA
93,1994,52.87,64.24,148.52,219.1,328.24,280.67,324.39,348.24,236.62,299.7,276.36,248.56,ANTIOQUIA
94,1995,180.91,137.5,216.01,171.62,366.04,309.95,300.83,331.55,238.32,347.99,237.7,161.51,ANTIOQUIA
95,1996,253.82,115.64,109.86,189.25,190.38,332.71,95.28,103.75,227.96,190.54,256.9,82.68,ANTIOQUIA
96,1997,39.3,99.25,110.44,207.3,361.03,226.52,313.0,303.41,327.0,340.37,308.72,302.8,ANTIOQUIA
97,1998,172.79,210.34,167.91,221.8,242.54,350.04,176.45,303.14,459.33,379.62,361.6,274.45,ANTIOQUIA
98,1999,150.83,193.06,188.7,167.76,377.46,314.68,333.76,265.47,390.46,256.31,258.46,180.97,ANTIOQUIA
99,2000,112.58,67.18,155.99,124.53,272.48,219.7,179.18,244.42,293.5,248.1,356.46,227.5,ANTIOQUIA
100,2001,76.35,49.52,180.04,285.65,327.02,249.47,218.77,222.77,300.9,238.03,216.71,169.01,ANTIOQUIA
101,2002,58.54,76.03,159.26,224.56,209.29,362.57,195.54,258.7,252.4,285.98,379.61,248.15,ANTIOQUIA
102,2003,85.96,111.03,99.2,282.47,338.88,185.24,206.22,257.61,308.36,357.21,335.34,170.83,ANTIOQUIA
103,2004,139.71,123.56,153.42,193.26,391.84,256.35,172.59,284.13,270.6,343.5,331.18,186.46,ANTIOQUIA
104,2005,202.92,115.26,233.34,214.52,360.48,346.21,181.99,252.13,248.0,323.9,298.65,246.57,ANTIOQUIA
105,2006,82.91,59.45,176.25,272.34,350.21,276.36,216.19,412.9,296.76,351.62,325.49,207.66,ANTIOQUIA
106,2007,101.06,128.93,167.71,203.73,417.38,307.9,368.47,385.67,247.17,326.14,370.38,260.47,ANTIOQUIA
107,2008,154.26,134.72,223.9,173.84,234.21,249.68,167.27,299.68,238.05,332.18,244.32,157.02,ANTIOQUIA
108,2009,37.1,72.73,137.62,273.93,385.52,312.95,265.67,277.72,380.19,313.5,491.65,366.41,ANTIOQUIA
109,2010,120.63,173.3,213.31,319.95,375.51,390.82,283.12,260.06,337.42,435.27,426.53,391.24,ANTIOQUIA
110,2011,172.72,77.17,165.58,313.19,258.34,183.88,165.18,250.07,210.23,349.87,268.46,174.2,ANTIOQUIA
111,2012,61.1,186.76,138.72,150.52,358.88,188.34,117.95,363.95,242.65,262.29,332.31,210.48,ANTIOQUIA
112,2013,112.88,123.23,152.44,184.4,252.23,189.0,104.14,214.7,251.97,293.98,321.71,204.1,ANTIOQUIA
113,2014,112.4,106.14,181.54,174.89,164.42,158.78,174.65,208.46,193.32,209.07,224.0,62.47,ANTIOQUIA
114,2015,60.34,50.25,111.31,218.59,223.72,156.42,202.2,270.91,263.53,276.47,323.7,263.86,ANTIOQUIA
115,2016,136.53,129.38,194.03,198.58,396.1,306.57,152.96,372.74,282.54,319.36,287.16,190.67,ANTIOQUIA
116,2017,166.67,89.25,133.92,251.69,392.25,260.12,190.87,227.94,305.26,340.76,322.34,85.93,ANTIOQUIA
117,2018,86.3,95.46,181.34,211.68,392.52,216.75,193.21,173.51,290.55,293.48,285.1,167.14,ANTIOQUIA
118,2019,87.73,95.53,113.55,135.48,217.35,252.9,345.61,297.8,311.83,221.51,349.35,220.91,ANTIOQUIA
119,2020,,,,,,,,,,,,,ANTIOQUIA
